<?xml version="1.0" encoding="UTF-8"?>
<project-private xmlns="http://www.netbeans.org/ns/project-private/1">
    <editor-bookmarks xmlns="http://www.netbeans.org/ns/editor-bookmarks/2" lastBookmarkId="0"/>
    <open-files xmlns="http://www.netbeans.org/ns/projectui-open-files/2">
        <group>
            <file>file:/F:/Programacion/Unidad%2012/Entregar/AlquilerVehiculosInterfaz/src/alquilervehiculos/AlquilerVehiculos.java</file>
            <file>file:/F:/Programacion/Unidad%2012/Entregar/AlquilerVehiculosInterfaz/src/JFrames/Alquileres/DevuelveVehiculo.java</file>
            <file>file:/F:/Programacion/Unidad%2012/Entregar/AlquilerVehiculosInterfaz/src/JFrames/Principal.java</file>
            <file>file:/F:/Programacion/Unidad%2012/Entregar/AlquilerVehiculosInterfaz/src/BaseDeDatos/BaseDeDatos.java</file>
            <file>file:/F:/Programacion/Unidad%2012/Entregar/AlquilerVehiculosInterfaz/src/alquilervehiculos/menu/Menu.java</file>
            <file>file:/F:/Programacion/Unidad%2012/Entregar/AlquilerVehiculosInterfaz/src/JFrames/Clientes/AltaClientes.java</file>
            <file>file:/F:/Programacion/Unidad%2012/Entregar/AlquilerVehiculosInterfaz/src/JFrames/Notificacion.java</file>
        </group>
    </open-files>
</project-private>
